-- phpMyAdmin SQL Dump
-- version 5.2.1
-- https://www.phpmyadmin.net/
--
-- Anamakine: 127.0.0.1:3306
-- Üretim Zamanı: 13 Oca 2025, 09:00:55
-- Sunucu sürümü: 8.3.0
-- PHP Sürümü: 8.2.18

SET SQL_MODE = "NO_AUTO_VALUE_ON_ZERO";
START TRANSACTION;
SET time_zone = "+00:00";


/*!40101 SET @OLD_CHARACTER_SET_CLIENT=@@CHARACTER_SET_CLIENT */;
/*!40101 SET @OLD_CHARACTER_SET_RESULTS=@@CHARACTER_SET_RESULTS */;
/*!40101 SET @OLD_COLLATION_CONNECTION=@@COLLATION_CONNECTION */;
/*!40101 SET NAMES utf8mb4 */;

--
-- Veritabanı: `php_veri_tabanım`
--

-- --------------------------------------------------------

--
-- Tablo için tablo yapısı `indirimler`
--

DROP TABLE IF EXISTS `indirimler`;
CREATE TABLE IF NOT EXISTS `indirimler` (
  `id` int NOT NULL AUTO_INCREMENT,
  `restoran_id` int NOT NULL,
  `restoran_adi` varchar(255) DEFAULT NULL,
  `aciklama` varchar(255) NOT NULL,
  `baslangic_tarihi` date NOT NULL,
  `bitis_tarihi` date NOT NULL,
  `yuzde` int NOT NULL,
  PRIMARY KEY (`id`),
  KEY `restoran_id` (`restoran_id`)
) ENGINE=MyISAM AUTO_INCREMENT=23 DEFAULT CHARSET=utf8mb4 COLLATE=utf8mb4_0900_ai_ci;

--
-- Tablo döküm verisi `indirimler`
--

INSERT INTO `indirimler` (`id`, `restoran_id`, `restoran_adi`, `aciklama`, `baslangic_tarihi`, `bitis_tarihi`, `yuzde`) VALUES
(22, 170, 'kaynarca', 'yaz sonu indirimi', '2024-12-07', '2024-12-05', 100),
(21, 168, 'çelebiler restoran', 'mehmet', '2024-12-06', '2024-12-21', 24),
(20, 168, 'çelebiler restoran', 'yaz sonu indirimi', '2024-12-04', '2024-12-06', 100),
(19, 150, 'mehmet', 'canım sıkıldı', '2024-12-18', '2024-12-17', 6),
(18, 150, 'mehmet', 'canım sıkıldı', '2024-12-18', '2024-12-17', 6),
(17, 154, 'batal', 'canım sıkıldı', '2024-12-04', '2024-12-05', 5),
(16, 154, 'batal', 'canım sıkıldı', '2024-12-06', '2024-12-13', 100);

-- --------------------------------------------------------

--
-- Tablo için tablo yapısı `kredi_kartlari`
--

DROP TABLE IF EXISTS `kredi_kartlari`;
CREATE TABLE IF NOT EXISTS `kredi_kartlari` (
  `kullanici_id` int NOT NULL,
  `kart_numarasi` varchar(16) NOT NULL,
  `son_kullanma_tarihi` varchar(5) NOT NULL,
  `cvv` varchar(3) NOT NULL,
  `kart_sahibi_adı` varchar(255) NOT NULL,
  PRIMARY KEY (`kullanici_id`)
) ENGINE=MyISAM DEFAULT CHARSET=utf8mb4 COLLATE=utf8mb4_0900_ai_ci;

--
-- Tablo döküm verisi `kredi_kartlari`
--

INSERT INTO `kredi_kartlari` (`kullanici_id`, `kart_numarasi`, `son_kullanma_tarihi`, `cvv`, `kart_sahibi_adı`) VALUES
(21, '2143565476586798', '57658', '676', '547yertyre67'),
(22, '1234567890123456', '1234', '123', 'musa'),
(23, '2435346546576587', '68867', '678', '7686'),
(24, '1\"321423432', '23423', '234', 'my'),
(25, '\"123214325234', '45334', '436', '3musakaya'),
(26, '2342435464537', '54675', '465', 'fdgf'),
(27, 'segertdhyrj', '24354', '45', '365464'),
(28, 'wqEWFWEFWRTEWRY', 'W4TEY', 'YET', 'YETYER'),
(29, 'KŞŞEWGMFKRGA.', 'EWLMG', 'mf,', 'kf,iasD'),
(30, 'ıjwqrfeirmksvf', 'saf', 'fda', 'asfvfs'),
(31, 'wqdef', 'wrdfe', 'efr', 'erfwf'),
(32, '1234', '3411', '13', '132'),
(33, 'qerfwetr', 'qwert', 'gft', 'qwfwerf'),
(34, '1234554321454546', '09/31', '338', 'ali kamil'),
(35, '1322465465476875', '12/32', '321', 'rfewdvfds dgdfg'),
(36, '2134325435435436', '11/31', '321', 'fds sdgfd'),
(38, '1231433235434534', '12/43', '432', 'qrwfas asg'),
(39, '1234567899875432', '12/21', '121', 'mehmet atas'),
(42, '1235443245325345', '02/31', '234', 'mehmet atas'),
(43, '1323424353464537', '12/32', '232', 'vk dnvc '),
(44, '1223435453546547', '12/31', '234', 'mehmet polat'),
(45, '2784329752750475', '12/31', '213', 'mehmet atas'),
(47, '1234454334544543', '12/29', '322', 'MEHMET NUR ATAS'),
(48, '1223455655555555', '12/29', '132', 'mehmet atas'),
(49, '1234567654332124', '12/54', '123', 'MEHMET NUR ATAS'),
(50, '1234564636456475', '12/28', '123', 'preminyum hesap'),
(51, '2312234354546546', '12/30', '321', 'alperen sen'),
(54, '1234567897646756', '10/56', '123', 'mehmet polat'),
(56, '1234567812345678', '10/25', '123', 'Zeus Teus');

-- --------------------------------------------------------

--
-- Tablo için tablo yapısı `kullanicilar`
--

DROP TABLE IF EXISTS `kullanicilar`;
CREATE TABLE IF NOT EXISTS `kullanicilar` (
  `id` int NOT NULL AUTO_INCREMENT,
  `email` varchar(100) NOT NULL,
  `password` varchar(100) NOT NULL,
  `created_at` timestamp NULL DEFAULT CURRENT_TIMESTAMP,
  `is_premium` tinyint(1) DEFAULT '0',
  `credit_card` varchar(20) DEFAULT NULL,
  `security_answer` varchar(255) DEFAULT NULL,
  PRIMARY KEY (`id`),
  UNIQUE KEY `email` (`email`)
) ENGINE=MyISAM AUTO_INCREMENT=64 DEFAULT CHARSET=utf8mb4 COLLATE=utf8mb4_0900_ai_ci;

--
-- Tablo döküm verisi `kullanicilar`
--

INSERT INTO `kullanicilar` (`id`, `email`, `password`, `created_at`, `is_premium`, `credit_card`, `security_answer`) VALUES
(25, 'musakaya@gmail.com', '$2y$10$mCmfCqjLM/Q1Bl12tYEJoOQ7n8xW/SWorVdroUDspNrBViIddmcji', '2024-10-26 18:38:21', 0, NULL, NULL),
(26, 'memetnuaratas14@gmail.com', '$2y$10$zzQkrE/YdiGoGK6X3QMHyuaGKO0Kj.GxNFf7Tn1patCT7SMfu7IKi', '2024-10-31 07:00:24', 0, NULL, NULL),
(20, '', '$2y$10$6.LL8YN7xHJqsB9hsb3euORntEK8Cndz7wQjfhSR6PXQ40DnbSxIG', '2024-10-26 18:12:35', 0, NULL, NULL),
(21, 'sjjsdfnsd@gmail.com', '$2y$10$sPdxBtjxaF.iGmDiX3q7Ke3O7E3ZnGumsL5dOMBLRlqiGsYNQxeHS', '2024-10-26 18:14:41', 0, NULL, NULL),
(22, 'mustafa@gmai.com', '$2y$10$U9eY/9ZmJ9UF2l42M4eoXuKtVWrOwLQBS/2HvzV/6WedPlkDQXx.u', '2024-10-26 18:23:27', 0, NULL, NULL),
(23, 'ismail@gmalil.com', '$2y$10$duIrzaleyJWCTojrbm6g/eJ3FObNtHZWsd0fHap/fxnNsUE4aVbm2', '2024-10-26 18:32:44', 0, NULL, NULL),
(24, '1234@gmail.com', '$2y$10$bQrivsjV79y.9QIEF46DyOM28ACghJDLdxZyWAPM6h/BGSsPOOEGm', '2024-10-26 18:35:39', 0, NULL, NULL),
(27, 'm14@gmail.com', '1', '2024-11-21 12:30:25', 0, NULL, NULL),
(28, 'musacan@gmail.com', '$2y$10$s/oH4tmIpIxDYrmPi33R..0.2aiTtRE5e3X36iHwcMmI88FYNFKCO', '2024-11-21 12:42:10', 0, NULL, NULL),
(29, 'mehmet@gmail.com', '$2y$10$DXfkaXktjMvHz/cFTVfbEOzBkgHAw6mMflNSv4aTWifueoSlVu4sO', '2024-11-21 12:44:47', 0, NULL, NULL),
(30, 'mehmetnur@gmail.com', '$2y$10$OtqVX6pt6aiHia5SkRWwk.HAdrApRxKrCaPKyRgBEJ0i9D/dieZhu', '2024-11-21 12:52:10', 0, NULL, NULL),
(31, 'mfvsd@gmail.com', '$2y$10$.gAYz0UaIdLGw2z8jbQlhuh9/7PuosT6AUQ5M71q7hikPDSA4ke/C', '2024-11-21 21:12:13', 0, NULL, NULL),
(32, 'atam@gmail.com', '$2y$10$Ff5wBc5udkBE.EOWPUw9IOgJOBWOu1Mhc7jn0j8eW.g9zMOwfPjq.', '2024-11-21 21:35:48', 0, NULL, NULL),
(33, 'atas@gmai.com', '$2y$10$VHujD1jK9xaOJNU7WU1isug5xnHkuzHEQBW2FMiNdEQIaQ2ik44ri', '2024-11-21 21:36:47', 0, NULL, NULL),
(34, 'atasm@gmai.com', '$2y$10$w3lgVA3/XHundejD/y9.MebcJygAVCIdM37SfQEy34z1LYwCMoI9u', '2024-11-21 22:15:07', 0, NULL, NULL),
(35, 'ali@gmail.com', '$2y$10$5YxcUxlvzuJzY9qEJMQ/iuBhfBAFCyXsgpI4A6ax.2yWekPOEEZMG', '2024-11-21 22:31:42', 0, NULL, NULL),
(36, 'kamilcan@gmail.com', '$2y$10$TaXBKbhOGRhu4y8ayjwD0OmbWmSgc/VFx6Dotgotd8b3XxPpMK/Pq', '2024-11-21 22:35:32', 0, NULL, NULL),
(37, 'atascan@gmai.com', '$2y$10$pAzWrTwPZFmJOLYaGk03/ei7q7djXl7jMs6OXBm/.pOFXJLvPjknO', '2024-11-21 23:22:40', 0, NULL, NULL),
(38, 'ataskan@gmai.com', '$2y$10$3C4brkC/9oZRh3KX4igxYewRsm7Y35g8F6lewqUIYcbrQImzmLZfS', '2024-11-21 23:23:24', 1, NULL, NULL),
(39, 'ataskardesler@gmai.com', '$2y$10$3hAXY8pRNAK.fy0PZIh16eeJpWCNwl3i2ENBL//niJkfYYU9VjAGq', '2024-11-21 23:24:49', 2, NULL, NULL),
(40, 'admin1@gamil.com', '$2y$10$/P7XsjCCD6rhroEh4AcgWukPwwwb5oUIsNr5B0O9iaxI4WyrbBdJu', '2024-11-24 16:13:43', 0, NULL, NULL),
(41, 'cetgpt958@gmail.com', '$2y$10$eqyRpq1PWJdocVuj8idzReiCPTYqEQPPdeiZ38nkGIwFum1IXtUn6', '2024-11-26 18:56:32', 0, NULL, NULL),
(42, '1@gmail.com', '$2y$10$fPvDdxiZVtr0JtNt9NDw0up.TpDp50Ex.rm7aQbr0bcaacFKHk3Ri', '2024-11-26 20:27:13', 1, NULL, NULL),
(43, 'atasmehemt@gmail.com', '$2y$10$Dh9sXrenNo2p1yQp0vIyjuh/dD5MOqGy7HwM3nyT.wEjBgZiveQ2C', '2024-11-26 20:31:46', 1, NULL, NULL),
(44, 'mehmetpolat@gmail.com', '$2y$10$Bz/qve321teAvHUcPznA2efbOQs7rFEOee6wK/8NpxdTioYQBxxN6', '2024-11-26 20:59:23', 3, NULL, NULL),
(45, 'admin@gamil.com', '$2y$10$kSxzmeTzgpOBoOoN6EqrdOD.NinD8ZdqoHYq74PjSVS7UzOkdi.Xm', '2024-11-27 11:47:34', 2, NULL, NULL),
(46, 'admi1@gamil.com', '$2y$10$jNKnmDDXE28TCgzq7IBdCu.xt.sS0S6mXzw0y5/Oblr0AfT5sW9zK', '2024-12-02 18:26:45', 0, NULL, NULL),
(47, 'adm@gamil.com', '$2y$10$uQ..CTbPmWz/WYbeOCoRceBfFyyVYehqzm.hrvu7yIzIe4PfH.2ta', '2024-12-02 21:20:19', NULL, NULL, NULL),
(48, 'adm@gmail.com', '$2y$10$KGJTSzJBoNJ26q/0A/J3reHb.Pz1svm3pz6taQQXgaw/Z1slqysPK', '2024-12-02 21:37:16', 1, NULL, NULL),
(49, 'memetnuaratas@gmail.com', '$2y$10$/ATv/xygRZkx9S4FJDUu8O24TvZZZDheCDfTnlB1AgQt1g8OuXShW', '2024-12-02 21:42:44', 1, NULL, NULL),
(50, 'preminyum@gmail.com', '$2y$10$C32iM0I/4FLdg2.O0w/UAO/s9c3YkpORNz7vTFqyTWfpHRMTLNsSy', '2024-12-03 10:56:05', 1, NULL, NULL),
(51, 'alperensen@gmail.com', '$2y$10$IZDaqA//IH74LBhWg586jOvcLD/lTHx5EcBS7Q25/Szs.Gaxgsfo6', '2024-12-03 16:46:15', 1, NULL, NULL),
(52, 'memetnuaratasmehmet14@gmail.com', '$2y$10$ybtUwdV9ljw4.i063JfFAOm5yrj7h0AzfFjouuqyaGFNkG2Q1J3tm', '2024-12-08 15:37:37', 0, NULL, NULL),
(53, 'adam@gmail.com', '$2y$10$ldd9I3tJN8hlsUGrJzt7EOXm1OxMXriBp22qiPGqJWvtBdyJrBCuO', '2024-12-11 15:44:27', 0, NULL, NULL),
(54, 'preminyum1@gmail.com', '$2y$10$SUn.7UXz6.yvy8upU8JpROAYBi5Fylt9ne69ERn7bkucZO5lrySSC', '2024-12-22 18:11:09', 1, NULL, NULL),
(55, 'mp@gmail.com', '$2y$10$VzAaBGBTkWTcfBEAhSNTue04ciCgYuN.ngxtS8yyUEJOUco4Yr7AW', '2024-12-23 17:20:56', 0, NULL, NULL),
(56, 'mp123@gmail.com', '$2y$10$BTgLkxljEYvoioc6n64xUekLMF1ZaNB00i2ThZGGSKx3hL7qC.8W6', '2024-12-23 17:22:45', 2, NULL, NULL),
(57, 'ma100@gmail.com', '$2y$10$vmk66JeivobF9I.DdzwcD.WYs9VQkAZ29fh3r5pxGLBpUifDladaK', '2024-12-24 06:29:35', 0, NULL, NULL),
(58, 'kulanici123@gmail.com', '$2y$10$xHJvU0GYH7.2stQBKA.Gz.PkNIaFd31W/WxhH8EdjogyeVNYKEdLm', '2024-12-24 06:33:00', 0, NULL, NULL),
(59, 'm1114@gmail.com', '$2y$10$VZhZWUPDO3FgnUR8IW14qOYhFD2.JYMKqDSncKxbguUYPPZP.9PFS', '2025-01-02 07:30:13', 0, NULL, NULL),
(60, 'mehedkja@gmail.com', '$2y$10$LU7qjUGkJMLvw.i8cosAwujTzu16BYyvIRHXOyw7mBWkNbcjtQ1gS', '2025-01-03 10:10:19', 0, NULL, NULL),
(61, 'admin1lmmln@gamil.com', '$2y$10$ttWuglPqWr/h0vbhc8T4kOPHO0yhB5Vulazqq7XQY02X29W3F/YHS', '2025-01-03 16:16:32', 0, NULL, NULL),
(62, 'admin1RGFF@gamil.com', '$2y$10$mgQDfg7VuDRapApp4oHzQ.D1R33lOaH6Zs6OGOOinNhPVLdrrLjC6', '2025-01-03 16:24:12', 0, NULL, NULL),
(63, 'preminyumDSFGSDGSD@gmail.com', '$2y$10$5xXnLl5Q3/ltSIMyuCk5e.8UvGt3hOyEVUzj2LBxBQhVjOF2ElrX2', '2025-01-03 16:25:49', 0, NULL, NULL);

-- --------------------------------------------------------

--
-- Tablo için tablo yapısı `restaurants`
--

DROP TABLE IF EXISTS `restaurants`;
CREATE TABLE IF NOT EXISTS `restaurants` (
  `id` int NOT NULL AUTO_INCREMENT,
  `city` varchar(100) NOT NULL,
  `name` varchar(255) NOT NULL,
  `latitude` decimal(10,6) NOT NULL,
  `longitude` decimal(10,6) NOT NULL,
  `kullanicilar_id` int DEFAULT NULL,
  PRIMARY KEY (`id`)
) ENGINE=MyISAM AUTO_INCREMENT=191 DEFAULT CHARSET=utf8mb4 COLLATE=utf8mb4_0900_ai_ci;

--
-- Tablo döküm verisi `restaurants`
--

INSERT INTO `restaurants` (`id`, `city`, `name`, `latitude`, `longitude`, `kullanicilar_id`) VALUES
(180, 'van', 'Dayının Yeri', 38.425562, 43.259809, 45),
(177, 'ankara', 'Zeus Restaurant', 39.433224, 32.496332, 56),
(178, 'van', 'Dayının Yeri', 38.425562, 43.259809, 45),
(179, 'van', 'Dayının Yeri', 38.425562, 43.259809, 45),
(175, 'yunanistan', 'baklavvaki', 38.860830, 21.928711, NULL),
(174, 'malatya', 'ahmet', 38.308191, 38.314819, NULL),
(8, 'Ağrı', 'Ağrı Dağı Restorasyon Hotel', 39.754100, 42.942500, NULL),
(9, 'Aksaray', 'Kızılkaya Hotel', 38.421100, 34.023400, NULL),
(10, 'Aksaray', 'Huzur Hotel', 38.411000, 34.022900, NULL),
(11, 'Amasya', 'Niksar Termal Hotel', 40.576100, 35.506100, NULL),
(12, 'Amasya', 'Amasya Sabuncuoğlu Şerefeddin Hospital Hotel', 40.653200, 35.832000, NULL),
(13, 'Ankara', 'Sheraton Hotel & Convention Center', 39.947000, 32.850800, NULL),
(14, 'Ankara', 'JW Marriott Hotel Ankara', 39.949000, 32.854000, NULL),
(15, 'Antalya', 'Regnum Carya Golf & Resort Hotel', 36.853000, 31.129600, NULL),
(16, 'Antalya', 'Mardan Palace Hotel', 36.846700, 31.255000, NULL),
(17, 'Artvin', 'Artvin Doga Hotel', 41.182200, 41.193100, NULL),
(18, 'Artvin', 'Artvin Park Hotel', 41.196100, 41.190600, NULL),
(19, 'Aydın', 'Didim Beach Resort', 37.253000, 27.267600, NULL),
(20, 'Aydın', 'Aydın Adnan Menderes Hotel', 37.848700, 27.826800, NULL),
(185, 'şanlıurfa', 'mehmet', 39.376507, 32.299805, NULL),
(22, 'Balıkesir', 'Balıkesir Divan Hotel', 39.649500, 27.249200, NULL),
(23, 'Bilecik', 'Bilecik Grand Hotel', 40.050100, 29.975400, NULL),
(24, 'Bilecik', 'Bilecik Park Hotel', 40.056600, 29.974500, NULL),
(25, 'Bingöl', 'Bingöl Grand Hotel', 38.883800, 40.525100, NULL),
(26, 'Bingöl', 'Bingöl Huzur Hotel', 38.891000, 40.549700, NULL),
(27, 'Bitlis', 'Bitlis Park Hotel', 38.415500, 42.086000, NULL),
(28, 'Bitlis', 'Grand Bitlis Hotel', 38.414500, 42.092100, NULL),
(29, 'Burdur', 'Burdur Grand Hotel', 37.721900, 30.285200, NULL),
(30, 'Burdur', 'Aydinbey King’s Palace', 37.713200, 30.293600, NULL),
(31, 'Bursa', 'Marriott Hotel Bursa', 40.182600, 29.061000, NULL),
(32, 'Bursa', 'Hilton Bursa Convention Center & Spa', 40.174400, 29.058100, NULL),
(33, 'Çanakkale', 'Çanakkale Hotel', 40.155700, 26.408400, NULL),
(34, 'Çanakkale', 'Parion Hotel', 40.150400, 26.405100, NULL),
(35, 'Çorum', 'Grand Hotel Çorum', 40.594600, 34.956400, NULL),
(36, 'Çorum', 'Anadolu Hotel', 40.598500, 34.955000, NULL),
(37, 'Düzce', 'Düzce Grand Hotel', 40.843000, 30.882500, NULL),
(38, 'Düzce', 'Düzce Park Hotel', 40.844200, 30.891300, NULL),
(39, 'Edirne', 'Edirne Grand Hotel', 41.677000, 26.557100, NULL),
(40, 'Edirne', 'Edirne Palace Hotel', 41.668100, 26.572800, NULL),
(41, 'Elazığ', 'Elazığ Hilton Garden Inn', 38.680600, 39.217400, NULL),
(42, 'Elazığ', 'Park Dedeman Elazığ', 38.674000, 39.227900, NULL),
(43, 'Erzincan', 'Erzincan Anemon Hotel', 39.753800, 39.466200, NULL),
(44, 'Erzincan', 'Erzincan Park Hotel', 39.743900, 39.477500, NULL),
(45, 'Erzurum', 'Polat Erzurum Resort Hotel', 39.902600, 41.280500, NULL),
(46, 'Erzurum', 'Kervansaray Hotel Erzurum', 39.931800, 41.265600, NULL),
(47, 'Gaziantep', 'Ramada Plaza Gaziantep', 37.069000, 37.377500, NULL),
(48, 'Gaziantep', 'Hilton Gaziantep', 37.074500, 37.370100, NULL),
(49, 'Giresun', 'Giresun Grand Hotel', 40.912400, 38.444600, NULL),
(50, 'Giresun', 'Giresun Park Hotel', 40.912600, 38.445100, NULL),
(51, 'Gümüşhane', 'Gümüşhane Grand Hotel', 40.460500, 39.470100, NULL),
(52, 'Gümüşhane', 'Gümüşhane Park Hotel', 40.463100, 39.465600, NULL),
(53, 'Hakkari', 'Hakkari Grand Hotel', 37.578300, 43.741000, NULL),
(54, 'Hakkari', 'Hakkari Park Hotel', 37.576400, 43.743700, NULL),
(55, 'Hatay', 'The Museum Hotel Antakya', 36.205500, 36.163900, NULL),
(56, 'Hatay', 'Hilton Garden Inn Antakya', 36.211300, 36.157500, NULL),
(57, 'Iğdır', 'Iğdır Grand Hotel', 39.933300, 44.080000, NULL),
(58, 'Iğdır', 'Iğdır Park Hotel', 39.934100, 44.080300, NULL),
(59, 'Isparta', 'Isparta Şehir Parkı Hotel', 37.764600, 30.558400, NULL),
(60, 'Isparta', 'Isparta Grand Hotel', 37.769200, 30.558100, NULL),
(61, 'İstanbul', 'Mövenpick Hotel İstanbul - The Lounge', 41.034000, 28.994800, NULL),
(62, 'İstanbul', 'The Ritz-Carlton, Istanbul - Bleu Lounge & Grill', 41.036900, 28.984500, NULL),
(63, 'İzmir', 'Swissôtel Büyük Efes İzmir', 38.429900, 27.137800, NULL),
(64, 'İzmir', 'Hilton İzmir', 38.420000, 27.145000, NULL),
(65, 'Karabük', 'Zıraat Hotel', 41.199200, 32.610400, NULL),
(66, 'Karabük', 'Kastamonu Hotel', 41.174200, 32.604900, NULL),
(67, 'Karaman', 'Karaman Park Hotel', 37.206300, 33.214800, NULL),
(68, 'Karaman', 'Grand Hotel Karaman', 37.207700, 33.215200, NULL),
(69, 'Kars', 'Kars Park Hotel', 40.598400, 43.067800, NULL),
(70, 'Kars', 'Grand Kars Hotel', 40.600000, 43.069200, NULL),
(71, 'Kastamonu', 'Kastamonu Grand Hotel', 41.387100, 33.774400, NULL),
(72, 'Kastamonu', 'Kastamonu Akgöl Hotel', 41.385700, 33.776500, NULL),
(73, 'Kayseri', 'Radisson Blu Hotel, Kayseri', 38.731000, 35.478400, NULL),
(74, 'Kayseri', 'Novotel Kayseri', 38.713000, 35.472000, NULL),
(75, 'Kırıkkale', 'Lider Hotel', 39.845600, 33.514700, NULL),
(76, 'Kırıkkale', 'Kırıkkale Park Hotel', 39.839100, 33.517100, NULL),
(77, 'Kırklareli', 'Kırklareli Park Hotel', 41.733000, 27.227300, NULL),
(78, 'Kırklareli', 'Kırklareli Grand Hotel', 41.734500, 27.224400, NULL),
(79, 'Kocaeli', 'Wyndham Grand Kocaeli', 40.771300, 29.901000, NULL),
(80, '', '', 0.000000, 0.000000, NULL),
(81, 'Konya', 'Rixos Konya Hotel', 37.975000, 32.480100, NULL),
(82, 'Konya', 'Hilton Garden Inn Konya', 37.967000, 32.481200, NULL),
(83, 'Malatya', 'Grand Hotel Malatya', 38.420200, 38.308400, NULL),
(84, 'Malatya', 'Malatya Park Hotel', 38.417800, 38.309600, NULL),
(85, 'Manisa', 'Manisa Suit Hotel', 38.619200, 27.431400, NULL),
(86, 'Manisa', 'Koru Otel', 38.608000, 27.481000, NULL),
(87, 'Mardin', 'Mardin Artuklu Hotel', 37.315000, 40.738100, NULL),
(88, 'Mardin', 'Mardin Grand Hotel', 37.318300, 40.741100, NULL),
(89, 'Mersin', 'Mersin HiltonSA', 36.801000, 34.639200, NULL),
(90, 'Mersin', 'Divan Mersin', 36.796500, 34.648000, NULL),
(91, 'Muğla', 'D-Hotel Maris', 36.701600, 28.017800, NULL),
(92, 'Muğla', 'Hilton Dalaman Sarıgerme Resort & Spa', 36.709100, 28.821600, NULL),
(93, 'Nevşehir', 'Kapadokya Hotel', 38.644400, 34.831900, NULL),
(94, 'Nevşehir', 'Cappadocia Cave Suites', 38.642200, 34.826200, NULL),
(95, 'Niğde', 'Niğde Grand Hotel', 37.970200, 34.685000, NULL),
(96, 'Niğde', 'Niğde Park Hotel', 37.975800, 34.683000, NULL),
(97, 'Ordu', 'Ordu Park Hotel', 40.983000, 37.870400, NULL),
(98, 'Ordu', 'Ordu Grand Hotel', 40.975200, 37.867800, NULL),
(99, 'Rize', 'Rize Park Hotel', 41.020700, 40.610200, NULL),
(100, 'Rize', 'Rize Grand Hotel', 41.021300, 40.613000, NULL),
(101, 'Sakarya', 'Sakarya Park Hotel', 40.727800, 30.401500, NULL),
(102, 'Sakarya', 'Sakarya Grand Hotel', 40.726900, 30.401100, NULL),
(103, 'Samsun', 'Samsun Hilton Garden Inn', 41.286600, 36.330000, NULL),
(104, 'Samsun', '', 0.000000, 0.000000, NULL),
(105, 'Siirt', 'Siirt Grand Hotel', 37.936300, 41.943500, NULL),
(106, 'Siirt', 'Siirt Park Hotel', 37.935000, 41.943000, NULL),
(107, 'Sinop', 'Sinop Grand Hotel', 42.005500, 35.153300, NULL),
(108, 'Sinop', 'Sinop Park Hotel', 42.007100, 35.151200, NULL),
(109, 'Sivas', 'Sivas Grand Hotel', 39.747700, 37.015100, NULL),
(110, 'Sivas', 'Sivas Park Hotel', 39.748500, 37.015600, NULL),
(111, 'Tekirdağ', 'Tekirdağ Park Hotel', 40.978000, 27.494000, NULL),
(112, 'Tekirdağ', 'Tekirdağ Grand Hotel', 40.976800, 27.493700, NULL),
(113, 'Tokat', 'Tokat Grand Hotel', 40.316500, 36.559100, NULL),
(114, 'Tokat', 'Tokat Park Hotel', 40.314900, 36.564000, NULL),
(115, 'Trabzon', 'Radisson Blu Hotel Trabzon', 41.007500, 39.770200, NULL),
(116, 'Trabzon', 'Zorlu Grand Hotel', 41.001400, 39.735800, NULL),
(117, 'Tunceli', 'Tunceli Grand Hotel', 39.121600, 39.526000, NULL),
(118, 'Tunceli', 'Tunceli Park Hotel', 39.122700, 39.528500, NULL),
(119, 'Uşak', 'Uşak Park Hotel', 38.675500, 29.400300, NULL),
(120, 'Uşak', 'Uşak Grand Hotel', 38.677800, 29.398400, NULL),
(121, 'Van', 'Van Grand Hotel', 38.419200, 43.366500, NULL),
(122, 'Van', 'Van Park Hotel', 38.418800, 43.364600, NULL),
(123, 'Yozgat', 'Yozgat Grand Hotel', 39.820300, 34.801300, NULL),
(124, 'Yozgat', 'Yozgat Park Hotel', 39.820800, 34.803100, NULL),
(125, 'Zonguldak', 'Zonguldak Park Hotel', 41.449100, 31.784400, NULL),
(126, 'Zonguldak', 'Zonguldak Grand Hotel', 41.454200, 31.780900, NULL),
(128, '', 'batal', 37.093700, 38.710600, NULL),
(170, 'kaynarca', 'kaynarca', 41.010734, 30.325470, 45),
(131, 'şanlıurfa', 'memleketim', 37.058294, 39.087725, NULL),
(133, 'kaonya', 'te', 39.103956, 35.691833, NULL),
(160, 'şanlıurfa', 'battal', 41.007221, 28.944721, 45),
(159, 'şanlıurfa', 'battal', 41.007221, 28.944721, 45),
(157, 'şanlıurfa', 'battal', 41.007221, 28.944721, 45),
(150, 'şanlıurfa', 'mehmet', 41.019516, 28.927990, 45),
(158, 'şanlıurfa', 'battal', 41.007221, 28.944721, 45),
(161, 'şanlıurfa', 'battal', 41.007221, 28.944721, 45),
(162, 'şanlıurfa', 'battal', 41.007221, 28.944721, 45),
(163, 'şanlıurfa', 'battal', 41.007221, 28.944721, 45),
(164, 'şanlıurfa', 'battal', 41.007221, 28.944721, 45),
(171, 'kaynarca', 'kaynarca', 41.010734, 30.325470, 45),
(176, 'ankara', 'Zeus Restaurant', 39.433224, 32.496332, 56),
(168, 'balıkesir', 'çelebiler restoran', 40.348633, 27.965404, 45),
(169, 'balıkesir', 'çelebiler restoran', 40.348633, 27.965404, 45),
(172, 'şanlıurfa', 'merhaba', 37.058404, 39.086223, NULL),
(181, 'van', 'Dayının Yeri', 38.425562, 43.259809, 58),
(182, 'van', 'Dayının Yeri', 38.425562, 43.259809, 58),
(183, 'van', 'Dayının Yeri', 38.425562, 43.259809, 58),
(184, 'manisa', 'salihil myo', 38.503203, 28.203563, NULL),
(186, 'şanlıurfa', 'mehmet', 41.103932, 25.488281, NULL),
(187, 'şanlıurfa', 'mehmet', 41.103932, 25.488281, NULL),
(188, 'şanlıurfa', 'mehmet', 40.455046, 23.752441, NULL),
(189, 'malatya', 'mehmet', 41.011619, 28.924409, 45),
(190, 'malatya', 'mehmet', 41.011619, 28.924409, 45);

-- --------------------------------------------------------

--
-- Tablo için tablo yapısı `yildizlar`
--

DROP TABLE IF EXISTS `yildizlar`;
CREATE TABLE IF NOT EXISTS `yildizlar` (
  `id` int NOT NULL AUTO_INCREMENT,
  `kullanici_id` int NOT NULL,
  `yildiz_sayisi` int NOT NULL,
  `restoran_id` int NOT NULL,
  `yorum` text,
  `tarih` datetime NOT NULL,
  PRIMARY KEY (`id`),
  KEY `fk_restoran_id` (`restoran_id`)
) ENGINE=MyISAM AUTO_INCREMENT=326 DEFAULT CHARSET=utf8mb4 COLLATE=utf8mb4_0900_ai_ci;

--
-- Tablo döküm verisi `yildizlar`
--

INSERT INTO `yildizlar` (`id`, `kullanici_id`, `yildiz_sayisi`, `restoran_id`, `yorum`, `tarih`) VALUES
(1, 1, 3, 0, 'wewrqw', '2024-11-30 23:06:03'),
(2, 1, 2, 0, '343423', '2024-11-30 23:06:12'),
(3, 40, 2, 0, 'r3ef<', '2024-11-30 23:25:44'),
(4, 40, 2, 0, 'r3ef<', '2024-11-30 23:31:46'),
(5, 40, 2, 0, 'r3ef<', '2024-11-30 23:33:58'),
(6, 40, 3, 0, 'kfsdgddifge', '2024-11-30 23:43:32'),
(7, 40, 1, 0, 'mehmet', '2024-11-30 23:43:55'),
(8, 40, 1, 0, 'mehmet', '2024-11-30 23:45:10'),
(9, 40, 1, 0, 'mehmet', '2024-11-30 23:46:58'),
(10, 40, 2, 0, 'r3ef<', '2024-11-30 23:51:02'),
(11, 40, 1, 0, 'mehmet', '2024-11-30 23:52:29'),
(12, 40, 1, 0, 'mehmet', '2024-11-30 23:53:49'),
(13, 40, 4, 0, 'jwhdqwlkdbjöçl', '2024-11-30 23:54:06'),
(14, 40, 1, 1, 'jsnfdçdcfalç', '2024-12-01 00:03:34'),
(15, 40, 1, 1, 'whsadHBSD', '2024-12-01 00:03:41'),
(16, 40, 1, 1, 'whsadHBSD', '2024-12-01 00:10:08'),
(17, 40, 1, 1, 'whsadHBSD', '2024-12-01 00:13:22'),
(18, 40, 1, 1, 'whsadHBSD', '2024-12-01 00:16:20'),
(19, 40, 1, 1, 'whsadHBSD', '2024-12-01 00:20:45'),
(20, 0, 1, 1, 'musa', '2024-12-01 07:05:33'),
(21, 0, 2, 1, 'beğenmedim', '2024-12-01 07:09:56'),
(22, 0, 2, 1, 'çok güzeldi', '2024-12-01 07:32:38'),
(23, 45, 5, 1, 'ali', '2024-12-01 07:47:39'),
(24, 45, 5, 1, 'ali', '2024-12-01 07:50:42'),
(25, 45, 1, 1, 'sxFCs<x vd<', '2024-12-01 08:02:01'),
(26, 45, 1, 1, 'sxFCs<x vd<', '2024-12-01 08:02:01'),
(27, 45, 5, 4, 'BEĞENMEDİM', '2024-12-01 08:05:09'),
(28, 45, 5, 4, 'BEĞENMEDİM', '2024-12-01 08:06:03'),
(29, 45, 5, 4, 'BEĞENMEDİM', '2024-12-01 08:07:25'),
(30, 45, 5, 4, 'BEĞENMEDİM', '2024-12-01 08:09:16'),
(31, 45, 5, 4, 'BEĞENMEDİM', '2024-12-01 08:09:42'),
(32, 45, 5, 4, 'BEĞENMEDİM', '2024-12-01 08:13:55'),
(33, 45, 5, 4, 'BEĞENMEDİM', '2024-12-01 08:15:31'),
(34, 45, 5, 4, 'BEĞENMEDİM', '2024-12-01 08:18:28'),
(35, 45, 5, 4, 'BEĞENMEDİM', '2024-12-01 08:23:07'),
(36, 45, 4, 1, 'xdzczsxczx', '2024-12-01 08:34:08'),
(37, 45, 4, 1, 'xdzczsxczx', '2024-12-01 08:34:30'),
(38, 45, 3, 1, 'mehemt', '2024-12-01 08:34:43'),
(39, 45, 3, 1, 'mehemt', '2024-12-01 08:35:46'),
(40, 45, 3, 1, 'ADSNJNCkA', '2024-12-01 08:35:54'),
(41, 45, 3, 1, 'ADSNJNCkA', '2024-12-01 08:36:42'),
(42, 45, 3, 1, 'ADSNJNCkA', '2024-12-01 08:37:41'),
(43, 45, 3, 1, 'ADSNJNCkA', '2024-12-01 08:38:35'),
(44, 45, 3, 1, 'ADSNJNCkA', '2024-12-01 08:38:54'),
(45, 45, 3, 1, 'ADSNJNCkA', '2024-12-01 08:42:08'),
(46, 45, 3, 1, 'ADSNJNCkA', '2024-12-01 08:42:14'),
(47, 45, 3, 1, 'ADSNJNCkA', '2024-12-01 08:42:55'),
(48, 45, 4, 48, 'musa', '2024-12-01 08:45:48'),
(49, 45, 4, 48, 'musa', '2024-12-01 08:48:08'),
(50, 45, 4, 48, 'musa', '2024-12-01 08:49:33'),
(51, 45, 4, 48, 'musa', '2024-12-01 10:20:12'),
(52, 45, 5, 1, '', '2024-12-01 10:21:28'),
(53, 45, 5, 1, '', '2024-12-01 10:26:08'),
(54, 45, 5, 1, '', '2024-12-01 10:28:20'),
(55, 40, 4, 14, 'mehmet', '2024-12-01 12:04:41'),
(56, 40, 4, 14, 'mehmet', '2024-12-01 12:10:25'),
(57, 40, 1, 16, 'mehmet', '2024-12-01 12:14:09'),
(58, 40, 1, 83, 'safkdmf.', '2024-12-01 12:28:45'),
(59, 40, 3, 12, 'musa', '2024-12-01 12:31:12'),
(60, 40, 3, 17, 'mualaya', '2024-12-01 12:31:31'),
(61, 40, 3, 17, 'mualaya', '2024-12-01 12:36:36'),
(62, 40, 3, 6, 'neden', '2024-12-01 12:37:00'),
(63, 40, 3, 6, 'neden', '2024-12-01 12:38:06'),
(64, 40, 3, 6, 'neden', '2024-12-01 12:38:38'),
(65, 40, 3, 6, 'neden', '2024-12-01 12:39:21'),
(66, 40, 3, 6, 'neden', '2024-12-01 12:39:48'),
(67, 40, 1, 83, 'safkdmf.', '2024-12-01 12:42:18'),
(68, 45, 3, 6, 'neden', '2024-12-01 12:52:38'),
(69, 45, 3, 6, 'neden', '2024-12-01 12:53:05'),
(70, 45, 3, 6, 'neden', '2024-12-01 12:55:43'),
(71, 45, 3, 6, 'neden', '2024-12-01 12:57:29'),
(72, 40, 1, 3, 'skdkddjdj', '2024-12-01 16:00:11'),
(73, 40, 5, 169, 'çok kötüydü beğenmedim kılçık çıktı ...', '2024-12-03 16:49:46'),
(74, 44, 4, 132, 'hoştu', '2024-12-04 10:46:02'),
(75, 40, 1, 1, 'ewjfbwrjhf', '2024-12-06 18:39:43'),
(76, 40, 1, 1, 'ewjfbwrjhf', '2024-12-06 18:44:18'),
(77, 40, 1, 1, 'ewjfbwrjhf', '2024-12-06 18:47:39'),
(78, 40, 1, 1, 'ewjfbwrjhf', '2024-12-06 18:49:16'),
(79, 40, 1, 1, 'ewjfbwrjhf', '2024-12-06 18:52:15'),
(80, 40, 1, 1, 'ewjfbwrjhf', '2024-12-06 18:56:08'),
(81, 40, 1, 1, 'ewjfbwrjhf', '2024-12-06 18:58:33'),
(82, 40, 1, 1, 'ewjfbwrjhf', '2024-12-06 18:59:44'),
(83, 40, 1, 1, 'ewjfbwrjhf', '2024-12-06 19:02:06'),
(84, 40, 5, 4, 'mehmet', '2024-12-06 19:02:21'),
(85, 40, 5, 4, 'mehmet', '2024-12-06 19:04:27'),
(86, 40, 5, 4, 'mehmet', '2024-12-06 19:08:44'),
(87, 40, 5, 4, 'mehmet', '2024-12-06 19:10:11'),
(88, 40, 5, 4, 'mehmet', '2024-12-06 19:10:35'),
(89, 40, 5, 4, 'mehmet', '2024-12-06 19:12:22'),
(90, 40, 5, 4, 'mehmet', '2024-12-06 19:13:10'),
(91, 40, 5, 4, 'mehmet', '2024-12-06 19:13:37'),
(92, 40, 5, 4, 'mehmet', '2024-12-06 19:13:46'),
(93, 40, 5, 4, 'mehmet', '2024-12-06 19:13:55'),
(94, 40, 5, 4, 'mehmet', '2024-12-06 19:15:30'),
(95, 40, 5, 4, 'mehmet', '2024-12-06 19:15:51'),
(96, 40, 5, 4, 'mehmet', '2024-12-06 19:16:51'),
(97, 40, 5, 4, 'mehmet', '2024-12-06 19:18:13'),
(98, 40, 5, 4, 'mehmet', '2024-12-06 19:19:24'),
(99, 40, 5, 4, 'mehmet', '2024-12-06 19:20:24'),
(100, 40, 4, 1, 'mehmet', '2024-12-06 19:20:34'),
(101, 40, 4, 1, 'mehmet', '2024-12-06 19:24:18'),
(102, 40, 4, 1, 'mehmet', '2024-12-06 19:24:27'),
(103, 40, 4, 1, 'mehmet', '2024-12-06 19:33:58'),
(104, 40, 3, 1, 'mehmet', '2024-12-06 19:34:10'),
(105, 40, 3, 1, 'mehmet', '2024-12-06 19:35:20'),
(106, 40, 1, 5, 'mehmwt', '2024-12-06 19:35:34'),
(107, 40, 1, 5, 'mehmwt', '2024-12-06 19:58:11'),
(108, 40, 1, 17, 'atas', '2024-12-06 19:58:27'),
(109, 40, 1, 17, 'atas', '2024-12-06 19:59:07'),
(110, 40, 1, 17, 'atas', '2024-12-06 19:59:35'),
(111, 40, 1, 17, 'atas', '2024-12-06 20:00:03'),
(112, 40, 1, 17, 'atas', '2024-12-06 20:01:02'),
(113, 40, 1, 17, 'atas', '2024-12-06 20:02:39'),
(114, 40, 1, 17, 'atas', '2024-12-06 20:03:51'),
(115, 40, 4, 1, NULL, '2024-12-06 20:08:15'),
(116, 40, 5, 4, 'çok güzldi', '2024-12-07 08:12:25'),
(117, 40, 5, 4, 'çok güzldi', '2024-12-07 08:13:07'),
(118, 40, 5, 4, 'çok güzldi', '2024-12-07 08:13:29'),
(119, 40, 5, 4, 'çok güzldi', '2024-12-07 08:14:39'),
(120, 40, 5, 4, 'çok güzldi', '2024-12-07 08:16:34'),
(121, 40, 5, 4, 'çok güzldi', '2024-12-07 08:17:37'),
(122, 40, 5, 4, 'çok güzldi', '2024-12-07 08:19:11'),
(123, 40, 5, 4, 'çok güzldi', '2024-12-07 08:19:44'),
(124, 40, 5, 4, 'çok güzldi', '2024-12-07 08:20:10'),
(125, 40, 5, 4, 'çok güzldi', '2024-12-07 08:20:51'),
(126, 40, 5, 4, 'çok güzldi', '2024-12-07 08:22:00'),
(127, 40, 5, 4, 'çok güzldi', '2024-12-07 08:23:05'),
(128, 40, 5, 4, 'çok güzldi', '2024-12-07 08:23:33'),
(129, 40, 5, 4, 'çok güzldi', '2024-12-07 08:25:59'),
(130, 40, 5, 4, 'çok güzldi', '2024-12-07 08:27:22'),
(131, 40, 5, 4, 'çok güzldi', '2024-12-07 08:31:09'),
(132, 40, 5, 4, 'çok güzldi', '2024-12-07 08:34:39'),
(133, 40, 5, 4, 'çok güzldi', '2024-12-07 08:36:25'),
(134, 40, 5, 4, 'çok güzldi', '2024-12-07 11:06:16'),
(135, 40, 5, 4, 'çok güzldi', '2024-12-07 11:09:23'),
(136, 40, 5, 4, 'çok güzldi', '2024-12-07 11:09:48'),
(137, 40, 5, 4, 'çok güzldi', '2024-12-07 11:13:09'),
(138, 40, 5, 4, 'çok güzldi', '2024-12-07 11:13:51'),
(139, 40, 5, 4, 'çok güzldi', '2024-12-07 11:14:06'),
(140, 40, 5, 4, 'çok güzldi', '2024-12-07 11:20:19'),
(141, 40, 5, 4, 'çok güzldi', '2024-12-07 11:21:56'),
(142, 40, 5, 4, 'çok güzldi', '2024-12-07 11:24:56'),
(143, 40, 5, 4, 'çok güzldi', '2024-12-07 11:29:03'),
(144, 40, 5, 4, 'çok güzldi', '2024-12-07 11:31:18'),
(145, 40, 5, 4, 'çok güzldi', '2024-12-07 11:31:30'),
(146, 40, 5, 4, 'çok güzldi', '2024-12-07 11:33:22'),
(147, 40, 5, 4, 'çok güzldi', '2024-12-07 11:34:07'),
(148, 40, 5, 4, 'çok güzldi', '2024-12-07 11:39:08'),
(149, 40, 5, 4, 'çok güzldi', '2024-12-07 11:39:47'),
(150, 40, 5, 4, 'çok güzldi', '2024-12-07 11:40:17'),
(151, 40, 5, 4, 'çok güzldi', '2024-12-07 11:40:41'),
(152, 40, 5, 4, 'çok güzldi', '2024-12-07 11:43:29'),
(153, 40, 5, 4, 'çok güzldi', '2024-12-07 11:44:22'),
(154, 40, 5, 4, 'çok güzldi', '2024-12-07 11:47:47'),
(155, 40, 5, 4, 'çok güzldi', '2024-12-07 11:50:43'),
(156, 40, 5, 4, 'çok güzldi', '2024-12-07 11:51:21'),
(157, 40, 5, 4, 'çok güzldi', '2024-12-07 11:54:25'),
(158, 40, 5, 4, 'çok güzldi', '2024-12-07 11:55:29'),
(159, 40, 5, 4, 'çok güzldi', '2024-12-07 11:56:14'),
(160, 40, 5, 4, 'çok güzldi', '2024-12-07 11:58:54'),
(161, 40, 5, 4, 'çok güzldi', '2024-12-07 12:01:14'),
(162, 40, 5, 4, 'çok güzldi', '2024-12-07 12:02:46'),
(163, 40, 5, 4, 'çok güzldi', '2024-12-07 12:04:32'),
(164, 40, 5, 4, 'çok güzldi', '2024-12-07 12:05:41'),
(165, 40, 5, 4, 'çok güzldi', '2024-12-07 12:05:58'),
(166, 40, 5, 4, 'çok güzldi', '2024-12-07 12:06:15'),
(167, 40, 5, 4, 'çok güzldi', '2024-12-07 12:06:41'),
(168, 40, 5, 4, 'çok güzldi', '2024-12-07 12:16:28'),
(169, 40, 5, 4, 'çok güzldi', '2024-12-07 12:16:55'),
(170, 40, 5, 4, 'çok güzldi', '2024-12-07 12:17:16'),
(171, 40, 5, 4, 'çok güzldi', '2024-12-07 14:03:27'),
(172, 40, 5, 4, 'çok güzldi', '2024-12-07 14:03:58'),
(173, 40, 5, 4, 'çok güzldi', '2024-12-07 14:04:14'),
(174, 40, 5, 4, 'çok güzldi', '2024-12-07 14:04:34'),
(175, 40, 5, 4, 'çok güzldi', '2024-12-07 14:04:49'),
(176, 50, 4, 17, 'beğendim', '2024-12-08 12:37:27'),
(177, 50, 4, 17, 'beğendim', '2024-12-08 12:41:41'),
(178, 40, 1, 1, 'sdnmfbgdgbbdjfkfbdvlfdbgldjö', '2024-12-08 15:14:19'),
(179, 50, 1, 8, 'çok güzeldi dağ başında olamasınarğmen manzara güzeldi yemekler şahaneydi ulaşım çok kolaydı alışanları güler yüzlüydü', '2024-12-11 08:26:07'),
(180, 50, 1, 8, 'çok güzeldi dağ başında olamasınarğmen manzara güzeldi yemekler şahaneydi ulaşım çok kolaydı alışanları güler yüzlüydü', '2024-12-11 08:32:59'),
(181, 40, 1, 8, 'msndsjf', '2024-12-17 13:52:53'),
(182, 50, 1, 8, 'adana', '2024-12-18 10:59:11'),
(183, 50, 1, 22, 'cmdv', '2024-12-18 10:59:33'),
(184, 50, 1, 22, 'cmdv', '2024-12-18 11:07:22'),
(185, 50, 1, 22, 'cmdv', '2024-12-18 11:24:23'),
(186, 50, 1, 22, 'cmdv', '2024-12-18 11:26:40'),
(187, 50, 1, 22, 'cmdv', '2024-12-18 11:27:37'),
(188, 50, 1, 22, 'cmdv', '2024-12-18 11:37:09'),
(189, 50, 1, 22, 'cmdv', '2024-12-18 11:37:38'),
(190, 50, 1, 22, 'cmdv', '2024-12-18 11:39:05'),
(191, 50, 1, 22, 'cmdv', '2024-12-18 11:39:20'),
(192, 50, 1, 22, 'cmdv', '2024-12-18 11:39:41'),
(193, 50, 1, 22, 'cmdv', '2024-12-18 11:40:03'),
(194, 50, 1, 22, 'cmdv', '2024-12-18 11:40:41'),
(195, 50, 1, 22, 'cmdv', '2024-12-18 11:41:54'),
(196, 50, 1, 22, 'cmdv', '2024-12-18 11:42:24'),
(197, 50, 1, 22, 'cmdv', '2024-12-18 11:42:36'),
(198, 50, 1, 22, 'cmdv', '2024-12-18 11:43:18'),
(199, 50, 1, 22, 'cmdv', '2024-12-18 11:43:56'),
(200, 50, 1, 22, 'cmdv', '2024-12-18 11:44:34'),
(201, 50, 1, 22, 'cmdv', '2024-12-18 11:45:32'),
(202, 50, 1, 22, 'cmdv', '2024-12-18 11:46:42'),
(203, 50, 1, 22, 'cmdv', '2024-12-18 11:49:00'),
(204, 1, 5, 14, 'mehmet', '2024-12-18 18:04:13'),
(205, 1, 1, 8, 'daneme', '2024-12-18 18:05:21'),
(206, 1, 1, 8, 'daneme', '2024-12-18 18:12:06'),
(207, 1, 1, 8, 'daneme', '2024-12-18 18:17:28'),
(208, 1, 1, 8, 'daneme', '2024-12-18 18:17:49'),
(209, 1, 1, 8, 'daneme', '2024-12-18 18:19:16'),
(210, 1, 1, 8, 'daneme', '2024-12-18 18:20:01'),
(211, 1, 1, 8, 'daneme', '2024-12-18 18:20:20'),
(212, 1, 1, 8, 'daneme', '2024-12-18 18:20:37'),
(213, 1, 1, 8, 'daneme', '2024-12-18 18:24:53'),
(214, 1, 1, 8, 'daneme', '2024-12-18 18:25:06'),
(215, 1, 1, 8, 'daneme', '2024-12-18 18:25:35'),
(216, 1, 1, 8, 'daneme', '2024-12-18 18:25:52'),
(217, 1, 1, 8, 'daneme', '2024-12-18 18:26:19'),
(218, 1, 1, 8, 'daneme', '2024-12-18 18:27:18'),
(219, 1, 1, 8, 'daneme', '2024-12-18 18:28:06'),
(220, 1, 1, 8, 'daneme', '2024-12-18 18:31:04'),
(221, 1, 1, 8, 'daneme', '2024-12-18 18:52:35'),
(222, 1, 1, 8, 'daneme', '2024-12-18 18:53:08'),
(223, 1, 1, 8, 'daneme', '2024-12-18 19:05:14'),
(224, 1, 1, 8, 'daneme', '2024-12-18 19:10:45'),
(225, 1, 1, 8, 'daneme', '2024-12-18 19:12:21'),
(226, 1, 1, 8, 'daneme', '2024-12-18 19:13:44'),
(227, 1, 1, 8, 'daneme', '2024-12-18 19:15:07'),
(228, 1, 1, 8, 'daneme', '2024-12-18 19:15:39'),
(229, 1, 1, 8, 'daneme', '2024-12-18 19:15:48'),
(230, 1, 1, 8, 'daneme', '2024-12-18 19:16:03'),
(231, 1, 1, 8, 'daneme', '2024-12-18 19:18:26'),
(232, 1, 1, 8, 'daneme', '2024-12-18 19:19:14'),
(233, 1, 1, 8, 'daneme', '2024-12-18 19:21:58'),
(234, 1, 1, 8, 'daneme', '2024-12-18 19:24:16'),
(235, 1, 1, 8, 'daneme', '2024-12-18 19:26:31'),
(236, 1, 1, 8, 'daneme', '2024-12-18 19:27:07'),
(237, 1, 1, 8, 'daneme', '2024-12-18 19:27:27'),
(238, 1, 1, 8, 'daneme', '2024-12-18 19:27:38'),
(239, 1, 1, 8, 'daneme', '2024-12-18 19:29:01'),
(240, 1, 1, 8, 'daneme', '2024-12-18 19:30:07'),
(241, 1, 1, 8, 'daneme', '2024-12-18 19:33:08'),
(242, 1, 1, 8, 'daneme', '2024-12-18 19:34:03'),
(243, 1, 1, 8, 'daneme', '2024-12-18 19:34:25'),
(244, 1, 1, 8, 'daneme', '2024-12-18 19:35:07'),
(245, 1, 1, 8, 'daneme', '2024-12-18 19:36:51'),
(246, 1, 1, 8, 'daneme', '2024-12-18 19:38:55'),
(247, 1, 1, 8, 'daneme', '2024-12-18 19:39:07'),
(248, 1, 1, 8, 'daneme', '2024-12-18 19:39:11'),
(249, 1, 1, 8, 'daneme', '2024-12-18 19:41:10'),
(250, 1, 1, 8, 'daneme', '2024-12-18 19:41:55'),
(251, 1, 1, 8, 'daneme', '2024-12-18 19:42:29'),
(252, 1, 1, 8, 'daneme', '2024-12-18 19:44:57'),
(253, 1, 1, 8, 'daneme', '2024-12-18 19:49:09'),
(254, 1, 1, 8, 'daneme', '2024-12-18 19:49:52'),
(255, 1, 1, 8, 'daneme', '2024-12-18 19:50:15'),
(256, 1, 1, 8, 'daneme', '2024-12-18 19:50:40'),
(257, 1, 1, 8, 'daneme', '2024-12-18 19:52:42'),
(258, 1, 4, 22, 'adana ', '2024-12-18 19:53:19'),
(259, 1, 4, 22, 'adana ', '2024-12-18 19:55:03'),
(260, 1, 4, 22, 'adana ', '2024-12-18 19:56:28'),
(261, 1, 1, 8, 'daneme', '2024-12-18 19:58:35'),
(262, 1, 1, 8, 'daneme', '2024-12-18 19:59:15'),
(263, 1, 1, 8, 'daneme', '2024-12-18 19:59:51'),
(264, 1, 1, 8, 'daneme', '2024-12-18 20:02:39'),
(265, 1, 1, 8, 'daneme', '2024-12-18 20:03:27'),
(266, 1, 1, 8, 'daneme', '2024-12-18 20:07:42'),
(267, 1, 1, 8, 'daneme', '2024-12-18 20:08:08'),
(268, 1, 1, 8, 'daneme', '2024-12-18 20:09:26'),
(269, 1, 1, 8, 'daneme', '2024-12-18 20:10:02'),
(270, 1, 1, 8, 'daneme', '2024-12-18 20:10:26'),
(271, 1, 1, 8, 'daneme', '2024-12-18 20:10:46'),
(272, 1, 1, 8, 'daneme', '2024-12-18 20:12:01'),
(273, 1, 1, 8, 'daneme', '2024-12-18 20:12:26'),
(274, 1, 1, 8, 'daneme', '2024-12-18 20:13:38'),
(275, 1, 1, 8, 'daneme', '2024-12-18 20:14:37'),
(276, 1, 1, 8, 'daneme', '2024-12-18 20:15:18'),
(277, 1, 1, 8, 'daneme', '2024-12-18 20:15:51'),
(278, 1, 1, 8, 'daneme', '2024-12-18 20:16:17'),
(279, 1, 1, 8, 'daneme', '2024-12-18 20:16:40'),
(280, 1, 4, 25, 'adana', '2024-12-18 20:17:06'),
(281, 1, 1, 8, 'daneme', '2024-12-18 20:18:55'),
(282, 1, 4, 24, 'mehmet', '2024-12-18 21:59:50'),
(283, 1, 2, 23, 'xdfhf', '2024-12-23 17:05:01'),
(284, 1, 4, 23, 'memofıtffgtjı', '2024-12-23 17:14:53'),
(285, 1, 4, 23, 'memofıtffgtjı', '2024-12-23 17:25:45'),
(286, 1, 4, 23, 'memofıtffgtjı', '2024-12-23 17:26:42'),
(287, 1, 5, 178, 'dünyanın 8. hrikasıu', '2024-12-24 06:25:05'),
(288, 1, 5, 178, 'dünyanın 8. hrikasıu', '2024-12-24 06:28:02'),
(289, 1, 1, 178, 'lezzeti süperdi', '2024-12-24 06:47:33'),
(290, 1, 5, 178, 'dünyanın 8. hrikasıu', '2024-12-24 07:12:57'),
(291, 1, 5, 178, 'dünyanın 8. hrikasıu', '2024-12-24 07:18:13'),
(292, 1, 5, 178, 'dünyanın 8. hrikasıu', '2024-12-24 07:48:01'),
(293, 1, 5, 178, 'dünyanın 8. hrikasıu', '2024-12-24 07:48:25'),
(294, 1, 3, 181, 'çok kötü', '2024-12-24 07:56:37'),
(295, 1, 3, 181, 'çok kötü', '2024-12-24 08:12:13'),
(296, 1, 3, 181, 'çok kötü', '2024-12-24 08:24:09'),
(297, 1, 3, 181, 'çok kötü', '2024-12-24 08:25:00'),
(298, 1, 5, 180, 'güzeldi', '2024-12-24 09:57:20'),
(299, 1, 5, 180, 'güzeldi', '2024-12-24 10:06:11'),
(300, 1, 3, 181, 'çok kötü', '2024-12-24 11:06:00'),
(301, 1, 1, 178, 'lezzeti süperdi', '2024-12-24 11:17:09'),
(302, 1, 3, 181, 'çok kötü', '2024-12-24 11:19:57'),
(303, 1, 3, 181, 'çok kötü', '2024-12-24 11:25:12'),
(304, 1, 3, 181, 'çok kötü', '2024-12-24 11:27:48'),
(305, 1, 3, 181, 'çok kötü', '2024-12-24 11:36:39'),
(306, 1, 3, 181, 'çok kötü', '2024-12-24 11:45:54'),
(307, 1, 3, 181, 'çok kötü', '2024-12-24 12:06:16'),
(308, 40, 4, 180, 'sdgdfghs', '2025-01-03 16:29:42'),
(309, 40, 2, 0, 'sldck.n<', '2025-01-03 16:52:26'),
(310, 40, 3, 179, '<sdfdgdfs', '2025-01-03 17:09:10'),
(311, 40, 3, 179, '<sdfdgdfs', '2025-01-03 17:10:43'),
(312, 40, 3, 179, '<sdfdgdfs', '2025-01-03 17:11:49'),
(313, 40, 3, 179, '<sdfdgdfs', '2025-01-03 17:15:30'),
(314, 40, 3, 179, '<sdfdgdfs', '2025-01-03 17:20:10'),
(315, 40, 3, 179, '<sdfdgdfs', '2025-01-03 17:20:48'),
(316, 40, 3, 179, '<sdfdgdfs', '2025-01-03 17:22:18'),
(317, 40, 5, 177, 'sevnmedim\r\n', '2025-01-03 17:27:00'),
(318, 40, 5, 177, 'sevnmedim', '2025-01-03 17:32:02'),
(319, 40, 4, 175, 'kDm<zslkj', '2025-01-03 17:32:13'),
(320, 40, 2, 175, 'DLFMdzlk', '2025-01-03 17:34:33'),
(321, 40, 3, 178, 'KDMCZZXLK', '2025-01-03 17:42:32'),
(322, 40, 4, 179, 'lşamcdsalzk', '2025-01-03 17:44:52'),
(323, 40, 3, 177, 'sdklfgarsdlf', '2025-01-09 22:01:11'),
(324, 44, 1, 180, 'şdKF<lzd', '2025-01-09 22:29:42'),
(325, 40, 5, 180, 'x<bvbdc', '2025-01-13 08:48:11');
COMMIT;

/*!40101 SET CHARACTER_SET_CLIENT=@OLD_CHARACTER_SET_CLIENT */;
/*!40101 SET CHARACTER_SET_RESULTS=@OLD_CHARACTER_SET_RESULTS */;
/*!40101 SET COLLATION_CONNECTION=@OLD_COLLATION_CONNECTION */;
